Cory Richards,1975-10-14
Karen Martinez,1968-01-25
Michael Thompson,1988-09-03
Eva Davis,1972-03-17
David Johnson,1995-12-08
Lisa Rodriguez,1998-05-29
Joseph Wilson,1983-08-12
Jennifer Taylor,1999-07-06
Matthew Brown,1991-11-19
Amanda Anderson,1985-02-21
Brian Hall,1992-04-09
Laura White,1977-06-13
Christopher Miller,1981-09-24
Emma Jackson,1979-08-02
Daniel Garcia,1997-01-11
Olivia Harris,1972-05-04
John Clark,1991-03-28
Samantha Moore,1970-12-01
Ryan Hill,1975-04-22
Melissa Lee,1978-06-07
Andrew Wright,1988-07-18
Julia Evans,1976-10-29
Brandon Torres,1973-02-09
Kayla Nelson,1986-09-21
Justin Turner,1979-01-02
Sophia Mitchell,1987-07-15
William Baker,1993-04-06
Ashley Martinez,1996-11-27
Jason Campbell,1982-03-10
Hannah Allen,1990-12-23
Alexander Foster,1971-06-03
Lauren King,1974-05-17
Robert Hayes,1984-08-28
Megan Simmons,1976-12-01
Nathan Diaz,1989-09-13
Maria Cooper,1985-08-04
Dylan Turner,1982-01-15
Rachel Allen,1979-06-26
Kevin Hall,1984-04-16
Nicole Foster,1974-11-27
James Turner,1998-02-18
Christine Green,1989-09-09
Mark Brown,1978-01-20
Amelia Rodriguez,1985-07-11
Thomas Lewis,1981-03-04
Rebecca Wright,1973-12-15
Zachary Evans,1984-05-06
Victoria Allen,1995-11-30
Liam Mitchell,1977-07-01
Grace Baker,1994-08-19